{
  "obs_mean": [
    0.29730674624443054,
    0.41325220465660095,
    -0.14527775347232819,
    -2.1330509185791016,
    1.740828275680542,
    1.5693594217300415,
    -1.7791802883148193,
    0.02582240290939808,
    -0.025742968544363976,
    0.014072917401790619,
    0.03604517877101898,
    0.015628039836883545,
    0.04536158964037895,
    0.018950143828988075,
    0.022504355758428574,
    -0.0001830731052905321,
    0.000477027875604108,
    -0.0004687395121436566,
    0.39084020256996155,
    -6.8252311393735e-06,
    0.042439959943294525,
    0.610503077507019,
    -0.0033410696778446436,
    0.1422252207994461,
    0.7050518989562988,
    -0.0012153384741395712,
    -0.004816039465367794,
    -0.7074092626571655,
    -0.6874635219573975,
    0.0,
    0.02514168806374073
  ],
  "obs_std": [
    0.20555239915847778,
    0.37550053000450134,
    0.2534131407737732,
    0.47255590558052063,
    0.221054807305336,
    0.2964496910572052,
    0.12141593545675278,
    0.015142622403800488,
    0.015161551535129547,
    0.08722427487373352,
    0.09934738278388977,
    0.19869820773601532,
    0.16809701919555664,
    0.17065824568271637,
    0.12483768910169601,
    0.12926119565963745,
    0.017789190635085106,
    0.017666775733232498,
    0.26599177718162537,
    0.0179414302110672,
    0.00042140280129387975,
    0.17438235878944397,
    0.04176635667681694,
    0.06300975382328033,
    0.03822377324104309,
    0.04689642786979675,
    0.03461188077926636,
    0.0720319002866745,
    0.000765287724789232,
    9.99999993922529e-09,
    0.00014211682719178498
  ],
  "obs_dim": 31,
  "act_dim": 7,
  "hidden": [
    512,
    512
  ],
  "val_mse": 0.00027253842962664265
}